PNG Size, WebP Size, AVIF Size, WebP Compression Time, AVIF Compression Time
14661,8526,11888,16.99175,36.463125
19715,12458,16774,15.001709,40.80775
2483,688,1598,8.246917,12.020583
9194,3838,6064,13.747958,28.624875
12980,7296,9631,13.084709,63.188084
25251,18394,22604,18.534958,48.697166
19126,12980,16119,16.747541,41.970792
10250,6626,9123,11.439667,23.80475
12558,6854,9676,8.85375,19.4525
14055,7288,10322,13.402,32.797834
12494,6864,9412,14.382583,34.17625
10062,4330,6799,12.602041,29.618084
4384,1714,3033,8.430083,15.106
5993,2988,4561,8.504583,16.398667
16497,8780,11860,13.452875,36.791792
7165,3664,5704,9.230042,18.836292
6661,2524,3225,11.386,18.808792
8068,3234,4408,11.167542,22.655083
15581,8510,11770,13.750917,38.270958
6681,3028,5076,8.737542,18.864083
8347,3428,6196,12.080541,23.57675
10568,4748,7026,11.6105,27.675166
5331,2372,3974,8.434458,17.714333
7823,4732,6444,9.599125,19.21775
9956,4412,6386,11.675583,26.998416
17343,12476,16280,13.48,40.046042
9953,4952,7057,12.053834,47.12325
18926,12472,15926,15.373625,41.392084
13035,6552,9070,12.691166,29.829583
21208,14382,18252,15.524208,43.569
10755,7808,9232,11.268583,27.740166
9658,4606,6518,12.794834,26.300167
6581,3014,4958,8.928042,17.98875
12651,7822,10188,11.938542,56.769916
17353,10728,14190,14.737833,38.200875
15163,9300,12036,13.522083,64.310166
6469,3254,5053,9.192959,19.734041
14232,8526,11156,14.97875,36.02775
3657,1188,2168,10.290583,22.074125
14226,7348,10897,13.301917,33.916584
14175,8190,11045,14.919458,36.872625
9157,4986,6466,12.690291,49.141375
9342,4296,6264,12.668542,26.131291
13935,7436,10403,13.820167,36.137292
17420,10736,14311,15.10975,40.664792
4646,1644,2658,10.624958,29.181666
10232,5118,7476,12.843042,27.821083
8876,4906,7262,9.976125,22.4615
7333,3902,5706,9.152833,19.10325
5257,2642,4141,9.944333,28.012959
8494,5002,6742,10.164542,20.894042
7591,3972,6053,9.9355,19.666375
11582,6462,8607,13.175667,61.260917
3883,1310,2527,8.669167,14.534209
12818,6754,9291,14.250583,35.067875
8713,4232,6083,11.715959,38.998875
6378,3126,4775,9.05975,18.547583
8360,5446,7159,11.012542,21.17975
13761,7088,10287,13.835375,34.29975
10736,5212,7536,12.402,137.407459
18668,11322,15656,16.086208,43.518
14232,8526,11156,14.623209,35.589666
6593,3804,5493,9.043666,17.513958
6758,3726,5732,8.439917,17.46075
4294,1496,2385,13.788125,15.494833
18050,11136,15060,15.556917,40.651334
14582,8540,11497,14.022209,63.993709
23810,16472,21079,17.191875,48.38925
8414,3184,4496,13.112042,25.589834
4540,1754,3011,8.257208,14.94975
14334,8310,11715,14.136792,32.990209
17506,9876,14471,13.720083,72.994375
14928,7690,11304,14.149291,36.665209
6066,3204,4724,9.826458,17.380625
20183,14154,17486,16.944375,41.406791
6312,2966,4783,9.655667,19.351375
8653,4242,6310,12.152084,21.933167
2755,992,2117,8.616667,50.787792
4259,1992,3338,10.141459,15.596291
14974,9288,12332,13.953667,34.86225
7501,3262,5383,10.539833,20.952459
18926,12472,15926,16.892084,41.632417
14829,8162,11422,15.03575,36.132791
5299,2206,3957,9.165041,15.203625
3018,1102,2028,8.2515,18.642
11320,5090,7627,13.307416,62.58225
13677,8140,11236,13.949375,30.749709
15332,11084,13692,15.842583,37.158083
21792,12276,17752,15.859042,47.204333
24028,16572,21227,10.075167,28.357875
14600,8206,11459,9.136209,39.073833
17752,11288,14644,10.259166,28.661875
3794,1430,2684,5.151542,8.675417
7935,3348,5145,12.031542,23.881375
9140,5394,7485,12.812917,129.160416
9744,5962,8129,10.488834,22.400292
9755,3970,5256,13.326375,28.609917
18294,12510,15649,10.247917,24.188834
4391,1660,2793,6.0685,9.17925
13229,7310,10254,13.656041,60.382417
10343,4132,5841,11.768,28.268958
4438,1664,2987,8.556917,15.034708
16900,10890,14392,13.686209,33.48675
10727,3834,5978,12.371042,29.510042
12599,7336,10125,13.085542,52.040334
23853,17214,21418,16.880916,48.003625
8653,4242,6310,11.576292,21.755625
7591,3972,6053,9.572958,19.084875
11602,6024,8494,12.6245,30.298084
18533,11748,15791,15.313833,39.345167
7755,3596,5691,9.159166,21.513209
4461,1682,2962,7.897084,14.710166
10639,6754,8905,10.398125,22.56825
11423,5604,8040,13.44975,30.29175
16444,9926,12740,14.2665,38.123375
4368,1764,2749,9.425292,79.009791
8311,4310,6596,10.676583,23.417916
6569,3486,5125,8.957042,17.890083
13965,6438,10021,13.259167,35.234416
2362,560,1390,7.594375,46.55725
7621,4052,6145,9.492166,20.911333
16221,9598,13041,14.247625,37.587667
13229,7310,10254,12.90375,59.722041
8318,5544,7222,9.1495,21.280833
19551,11604,15959,14.49575,41.049291
8572,3636,5814,12.029709,23.070792
12599,7336,10125,12.410584,52.101875
8653,4242,6310,14.342375,23.49725
8586,4912,7095,9.721625,21.402208
12558,6854,9676,13.262042,33.461125
9658,4606,6518,12.5815,25.852791
24989,17626,22354,16.782708,48.216208
14377,6872,10723,14.572584,37.283833
8251,4736,6769,9.710125,19.93
13270,8002,10200,16.528209,34.296792
14936,8138,11526,13.562,36.371667
9233,4356,6478,11.742708,25.6185
9609,4912,7170,11.28375,22.468917
7244,3530,5476,9.028667,18.837875
14175,8190,11045,13.808542,35.5955
8865,4068,6141,11.661875,23.895584
5759,2096,3118,10.321833,18.98275
6251,2516,4550,9.77,20.083625
11491,7544,9947,12.578084,28.726292
14243,7888,10528,13.321416,34.137041
12004,6198,8504,13.006709,31.51025
7214,2636,4253,11.592375,38.59375
16866,10232,13557,14.52275,40.963041
16221,9598,13041,14.291166,36.941333
9380,4904,6817,11.49625,23.331084
9089,5510,7645,9.778583,22.444417
10819,6580,8629,13.484667,28.661666
12193,6708,9450,13.474292,32.337958
6699,3842,5231,8.540875,19.268292
13926,7544,10502,13.042042,34.984917
15537,9810,12839,13.930875,158.251375
6581,3014,4958,9.194792,18.089666
15437,8594,11849,13.31725,73.814833
10872,5650,8057,12.220417,27.684958
28518,22990,26401,17.833791,53.374292
8251,4736,6769,9.65675,19.643708
7688,3448,5148,11.741667,23.784959
6958,4004,5682,9.097417,17.534458
7165,3664,5704,9.056625,19.20325
13170,6866,9900,13.181541,33.747208
14304,7096,10464,14.454958,36.442583
13314,6696,9504,13.306208,35.412416
6223,2298,3820,10.459416,19.438666
10848,7700,9442,10.573708,22.925833
10773,5686,7726,12.650042,27.778167
9140,5394,7485,11.968666,131.695625
9776,5338,7071,12.619709,27.577125
8022,4418,6563,9.425541,18.503667
7625,3040,4595,11.992333,22.970917
19372,12648,16437,15.198583,42.358167
6937,3740,5256,9.378584,17.617958
10727,3834,5978,12.51675,30.664042
18107,10610,14061,14.710292,39.704583
4346,1730,3122,8.308666,14.882208
2704,794,1718,7.583583,11.535334
7573,3020,3879,10.882916,21.107625
7755,3596,5691,8.848083,21.149708
6699,3842,5231,8.325833,19.395917
9862,6240,8421,9.5715,21.243958
9398,5648,7961,9.694,21.171625
16463,10652,13760,13.49925,34.580459
8651,4924,6899,9.288167,21.205833
9603,4450,6698,11.997458,25.977917
10872,5650,8057,12.065959,27.556375
17685,10042,13396,14.53625,41.008042
17248,10434,14280,14.084292,37.077333
5659,2118,3253,9.72025,97.28475
21792,12276,17752,15.615917,47.058042
25760,19032,23488,16.819875,51.197958
12932,6316,9356,13.272458,34.048875
13753,6862,9673,13.547917,34.068875
11573,7560,10187,10.43875,22.438417
22019,14804,18702,15.745209,48.641167
6714,3382,5271,9.004875,17.176125
12026,5852,8323,13.065541,31.771375
10672,7088,9170,10.432208,22.794458
4438,1664,2987,8.386459,14.488209
15138,7946,11535,13.578709,37.306333
5875,2502,4387,8.794291,16.542083
6485,3340,5029,8.884709,16.967917
9596,5730,8093,9.674375,22.739209
10250,6626,9123,9.58325,22.868208
22519,15354,19602,15.404208,49.695625
14854,7854,11393,13.858166,35.443083
21473,14228,18373,15.8885,45.506667
14936,8138,11526,14.00925,37.295167
6881,3396,5054,9.796334,20.012
13557,6886,9353,12.804,70.075708
4990,1996,3471,9.4245,15.14225
10493,4642,6824,12.327,54.149875
22254,15542,19745,15.172125,43.011166
6727,3364,4900,10.170542,22.480917
7758,3178,4755,12.771875,24.0295
4213,1658,2845,8.19075,13.670042
15093,9628,12626,14.329583,36.454417
7472,3792,5988,8.806916,17.776375
13450,8260,10864,13.218583,52.577666
9776,5338,7071,12.244917,26.997125
12028,7970,10606,10.201375,24.466625
20767,13848,17882,15.39575,43.263709
15173,8854,12374,12.795041,32.711
12224,6388,8842,13.08475,31.82275
12775,9578,11761,10.315709,26.84925
15410,8818,12149,13.847292,38.299
19170,12282,15795,14.966334,43.668
9739,5522,8036,9.5125,25.045792
14114,7412,10372,14.004666,36.518208
12869,6504,9867,13.296,33.227959
17227,11406,14511,14.294209,38.41975
8991,3900,5936,11.90375,26.809125
7910,4758,6573,9.3535,17.898917
2686,598,1361,7.905209,10.256125
9325,5702,7805,9.480208,20.818875
14936,8138,11526,13.350375,36.704542
4776,1544,2470,9.5415,80.386958
14600,8206,11459,14.303667,66.149667
10493,4642,6824,12.165542,54.08175
6573,3092,4938,9.242084,18.637959
10773,5686,7726,12.623375,27.641625
9955,6454,8831,9.762291,21.90375
17021,9838,13410,14.558833,42.865583
8022,4418,6563,8.758791,17.736709
10156,6310,8586,11.326833,25.504917
8389,5040,6937,9.355,19.766834
6147,3040,4732,8.118167,20.390208
32718,15170,19556,31.189,77.975792
22758,12974,17895,19.460875,104.957542
35342,17944,24335,32.222583,176.455
23332,9722,12730,28.338333,114.97625
14992,6706,9497,17.066542,41.447291
22426,8834,10024,28.058833,109.957875
21236,8900,9600,27.650542,101.580291
19595,8808,12595,23.674667,55.093834
14993,5460,7543,25.061833,75.800209
35850,20048,26407,31.295625,80.053917
71415,41782,56665,42.479208,148.768709
29939,13590,19633,28.298,409.133292
57094,35418,44287,40.753416,122.328
19135,7238,7817,25.271959,55.463541
60711,37648,49517,38.764375,135.421667
9356,3412,5365,15.784917,29.755208
19879,7888,10203,27.426875,344.038416
35641,16494,22304,33.109125,92.255541
59899,37128,48258,41.901208,133.753583
24525,12914,16390,28.239166,60.014916
39956,18418,22801,31.111708,98.342834
16920,8638,12420,17.241667,46.247292
65901,46096,55770,41.875084,135.123333
36810,20308,25517,33.248958,154.250792
40274,21196,27032,32.991708,204.356167
28974,17564,22051,21.274292,64.617708
76718,55820,68003,46.456167,146.589416
38466,21146,28898,32.698291,485.905792
10345,3702,5167,15.699708,54.786167
39194,19058,26334,34.141166,100.022708
54685,32042,39803,35.896625,247.750084
61253,40018,50284,41.5845,133.718583
81725,62832,73431,45.36825,147.381125
41464,25300,32596,32.86725,92.016583
67666,42210,54724,43.068709,141.756625
30952,18394,25229,21.346583,65.734625
34359,19164,24801,30.396917,166.134833
86011,64640,77100,48.911667,158.243916
21220,12556,16721,19.928166,48.661292
53067,35026,43031,34.328,113.600125
49450,29804,39819,37.075334,115.297583
13101,5268,7698,16.552125,35.758625
33020,15450,20552,31.482708,84.488334
86500,64268,76295,48.2125,165.770625
26508,11824,16451,30.966791,148.053917
40210,19602,27022,33.89025,221.711625
55382,41204,51303,29.895833,114.473917
30623,18650,24683,25.541,75.455292
21163,12328,16367,22.678084,237.318917
16920,8638,12420,17.80475,45.500833
24260,11116,16018,26.532166,365.853917
29495,19004,24543,22.153041,60.525042
12571,5496,8239,17.067458,35.453667
29623,16568,23726,21.323292,65.042459
13176,5940,8451,15.333583,36.46675
40981,21124,27575,35.575292,102.599333
22565,12478,17467,17.871625,47.794833
44210,22642,30234,36.014292,105
109510,91218,103012,55.576958,190.400291
38262,22432,26857,33.346666,435.494625
26039,11226,15919,31.246583,74.928083
30167,18266,24631,21.781334,64.457583
52983,30630,42192,37.580042,113.975625
29447,13358,19275,28.447792,74.032917
34659,21218,27007,32.590042,151.6745
28209,18180,23182,21.554292,61.089958
59037,34082,45602,39.245625,276.091542
38486,26682,33823,25.279625,78.281291
32440,14270,19052,31.863459,172.865125
16572,5720,7353,26.020208,309.08
45675,28230,36315,35.701,99.95875
53109,34318,43553,41.931958,122.522292
47567,26514,35553,37.197709,110.416708
6774,2090,3081,14.305542,21.31875
4915,1710,3027,13.055583,32.243584
21580,9542,12433,24.036209,53.3275
45669,25628,32908,34.349625,202.245917
5010,1404,2189,13.265083,20.51675
9107,3868,5265,18.973875,32.277459
31125,12442,19992,34.115042,85.547833
63874,38484,50987,40.272708,127.742334
99345,71318,89650,51.272375,182.075666
21723,11596,16023,18.246042,54.3
37132,23274,28448,33.745917,151.478
61253,40018,50284,42.290833,134.122791
24761,9190,11693,29.94425,64.721125
11387,4964,5620,15.153417,62.918
59833,34890,48052,39.281625,569.438084
17469,9614,14117,15.128959,38.309166
35141,24300,29946,25.016292,77.073667
16175,5038,5691,26.02775,42.11925
15065,4864,5822,24.431709,81.539375
52983,30630,42192,36.928,111.828667
34880,17808,23781,32.889333,86.018667
26472,15392,21431,19.818792,58.586792
51412,26604,35959,38.86925,119.205916
27432,16330,23144,19.962458,302.658583
33689,13284,19500,34.856833,88.256333
41259,21962,28060,35.252666,96.228125
13690,3936,5522,25.161833,86.016375
52971,32074,43228,38.253792,119.611
34790,12500,16821,31.773208,84.428208
70768,46640,60483,44.432875,149.177583
18335,7640,10229,26.366791,89.222417
38412,21134,25482,32.829625,184.454542
57433,34564,45621,38.762459,125.220167
57044,38762,47029,39.943625,122.273459
12963,5080,6900,17.287709,223.154625
26934,16322,21592,21.79325,61.433416
43640,24178,31949,36.339667,98.385334
49450,29804,39819,37.3335,116.863
15584,7642,10852,15.966625,39.412625
38695,25638,32326,31.679417,86.275917
28038,11494,15827,30.139834,144.50825
76151,51532,65463,47.57325,154.731416
32972,15112,19892,32.645958,85.053708
41259,21962,28060,35.045541,97.853375
95891,71938,88147,51.291625,172.952292
38354,27310,34472,32.580792,84.446292
51041,27508,39802,32.095666,228.238125
20729,8224,11552,29.1435,361.507375
17339,9130,12689,19.551417,46.435292
16920,8638,12420,17.583459,46.313
4915,1710,3027,12.961458,32.522167
46244,24548,34180,38.47975,120.037792
68948,43736,57626,45.207625,144.958
24857,10200,10842,28.144958,116.105541
25952,16076,21404,20.979291,56.890125
9857,3622,5020,19.713959,59.983333
63874,38484,50987,40.151542,127.201083
36293,19178,25590,32.092417,163.531625
27309,14550,20978,21.100458,73.664708
30327,13734,19569,30.942083,428.3115
28002,11136,15038,32.240833,74.613709
30251,18382,24708,22.057917,62.059625
20822,8954,10532,27.41475,50.789417
37026,14692,22538,38.058833,94.408
25681,10376,13701,31.351916,66.079625
48524,23246,31034,35.523916,106.900917
47590,26482,35603,33.9625,109.667792
16431,5938,6309,26.657875,40.812625
17449,8186,11366,18.761625,45.485459
53109,34318,43553,41.450584,122.684666
20729,8224,11552,28.371167,353.380583
15301,6652,9693,17.479,229.717833
32834,16022,21330,32.684625,75.620209
56278,32766,42143,38.802417,271.468417
12207,4634,6011,24.912333,284.175666
21163,12328,16367,19.4595,238.152584
15694,7272,10340,17.668416,40.787833
18570,8564,10157,24.574125,81.91125
24447,14310,18929,20.397542,53.5265
6129,2380,3917,13.220542,37.966125
15656,5554,8205,26.816167,341.722625
40753,20170,27666,52.422583,106.051708
42786,23324,32420,33.821042,99.065041
36527,17716,25825,32.514292,107.624417
39087,26814,34832,24.660625,76.962833
27018,10436,13517,32.185959,72.934083
36067,17998,24625,31.196292,86.702333
46872,22938,33040,36.865375,105.086125
62042,43270,52881,41.78525,125.940042
19226,12744,14487,18.49875,54.275125
17469,9614,14117,15.204083,39.031834
13904,6374,8626,15.502042,37.0355
47844,27830,37332,35.951333,512.8695
24858,13860,19364,21.90375,62.201375
51753,30914,41496,35.285083,110.3925
40347,28054,34513,35.074125,162.290666
33639,20574,26863,30.356875,78.109958
34990,22092,29913,22.741042,73.225875
50287,28326,36648,37.231125,111.967792
19486,10926,14656,20.322334,48.400458
55798,35930,45539,37.914583,112.995375
61792,39392,49678,40.095291,129.711958
19492,10568,13716,19.153708,45.759625
62486,36852,50177,44.187708,137.218917
34790,12500,16821,32.126083,83.70175
59045,34616,44026,40.356792,125.819583
23999,10704,15013,28.677625,62.774667
22645,7750,11649,30.086042,62.495375
46044,27672,33106,41.49425,120.501584
9344,3998,5518,14.092458,58.884584
40753,20170,27666,35.187958,99.008291
57044,38762,47029,39.499417,122.833125
63874,38484,50987,40.317291,127.442708
39196,22308,30837,31.059083,162.504875
22881,8018,10492,30.169292,135.706084
12633,5132,7241,16.988875,33.27525
41701,22792,29918,36.08925,103.617916
25681,10376,13701,31.664375,66.253625
34882,23924,29444,28.131375,79.160042
51412,26604,35959,38.611583,119.032542
37938,18680,24027,34.2945,92.860875
51853,26092,37433,37.758542,114.639
77590,49288,65768,44.32275,149.183375
42671,19956,27515,34.221959,97.391125
18860,9296,12559,18.118625,101.98975
18738,10330,13807,17.506958,42.013708
19279,7760,9992,24.74575,327.135292
22227,12990,17440,19.511875,91.848208
22971,11482,14496,29.416166,106.398834
26346,9616,14204,29.455167,156.41275
47068,26240,33982,38.572708,112.8275
11161,4230,6239,16.003167,200.475
34348,14852,22740,35.067,95.192083
39562,27942,33642,25.986917,89.771
28514,11132,15740,31.269375,72.533292
10843,4640,5898,21.069792,243.620541
20786,8474,9992,30.485542,119.386875
45280,25020,33892,35.802834,204.712125
18340,9634,13489,18.681875,42.823125
43346,22278,31371,34.76425,94.51425
22210,10082,15003,23.944209,55.345375
19644,8678,11034,25.521416,324.086625
62598,37852,48355,42.834791,137.257875
37938,18680,24027,33.863041,92.840958
38026,17538,24182,33.701708,93.650125
24525,12914,16390,29.086,61.815625
109103,84162,100632,53.840083,192.142083
35982,23440,24280,28.37375,85.543
26478,13456,20546,20.304958,62.574416
20793,11356,14743,17.454417,102.462333
37798,19480,26197,32.5205,97.07175
54369,27606,41610,39.618,124.597041
55368,32588,41689,38.530333,126.000334
52971,32074,43228,38.210583,119.109709
12293,4922,6292,17.130209,36.369083
40499,31470,37060,23.991834,77.444541
51218,30476,38781,38.509375,118.210959
18978,12732,16114,18.978541,227.574542
24129,8690,13473,29.317791,64.13075
38412,21134,25482,32.98575,183.322916
69670,45362,58066,43.177958,138.543375
21577,10310,13591,24.36,114.001291
84064,63768,74535,45.463959,153.343917
75988,66308,69911,49.0485,154.943166
57702,35890,47053,39.331708,113.758041
9883,2866,2655,26.196125,51.138542
27256,17428,23212,20.215625,111.149958
14323,5182,6453,23.258,77.045667
19503,9470,13393,18.384625,258.003417
16293,5944,6721,27.353166,73.628791
69246,42428,57568,42.003083,158.158375
29208,13572,18070,32.216084,72.641708
26174,12516,18408,29.584167,70.855083
59899,37128,48258,42.646458,136.187125
47567,26514,35553,37.047,109.988917
25736,17174,21704,21.715292,61.15525
37850,24146,32803,23.604708,74.68575
35679,13400,17047,58.707875,210.570375
119790,63290,79847,94.766375,570.052834
167024,76464,95538,177.070292,757.06225
31105,9234,8035,71.440458,803.349291
356772,300418,344594,173.0195,606.901125
397556,242950,305009,262.015041,783.492667
82314,30890,39342,80.824708,443.47125
20690,9118,7545,52.940167,122.276125
304257,146156,212869,240.8415,657.031042
45095,16646,14992,68.599542,849.497375
261834,119266,165417,218.068458,511.241292
165774,62618,90891,163.115875,349.9615
131766,80502,102545,85.443708,276.637458
70607,33848,40427,73.091541,981.377041
238137,117154,173685,197.555542,408.401084
359134,191424,272425,249.170791,791.99525
180026,127928,151223,113.884166,654.844
218166,118864,158636,197.421083,928.999416
434172,299878,369445,280.360792,862.640417
240170,108106,141926,208.242083,498.846584
30679,10392,12050,62.638542,170.493375
126093,69914,93612,98.594083,536.104125
117613,63032,77963,101.035625,264.600417
351255,191400,264698,250.12125,683.124584
281726,163750,193057,222.636583,565.959875
174277,76464,102079,163.2765,731.469917
256587,198428,234247,130.954208,515.398083
162333,46146,70435,170.880958,664.023833
221768,121886,153149,199.632708,844.398334
176179,43712,81495,183.061959,334.500333
167024,76464,95538,185.107583,766.323875
224637,106906,142986,181.429375,451.124291
169344,61198,68981,181.750166,366.813083
123359,57078,76908,93.497458,264.389459
101252,64202,82270,85.4945,451.727875
242176,144932,182443,197.316542,980.743583
120862,49434,63911,163.609667,553.009333
100905,46986,61518,97.625083,231.826833
101227,47518,60393,101.4565,245.018542
55436,23456,31129,72.36525,311.595709
94511,42654,52072,91.959959,199.161708
198737,114038,151562,177.290875,399.220125
126494,39534,42571,152.070625,271.814583
565589,398970,507811,302.426458,41.237959
72562,34726,44147,77.166208,181.7685
108349,48092,58117,159.280708,521.86075
139959,81872,102284,103.12325,605.3245
123807,68108,90302,115.238542,291.033875
192865,75932,92169,195.295458,400.3915
113340,60102,78351,96.172208,504.695667
116419,44682,64621,143.643791,554.218625
262859,112826,150504,228.940125,555.735584
221853,89038,119291,205.437667,463.29325
237964,115258,140817,212.862583,72.160834
170629,65688,68148,188.175,362.465625
204661,137444,172142,113.380792,505.735625
104457,50828,68978,93.053709,214.3445
96429,45558,56034,135.727542,605.240042
250869,117458,152682,217.631917,532.371125
136381,72168,95786,115.235333,326.344708
218396,106494,142558,358.047958,947.394208
160624,59740,77313,177.282458,716.26525
181163,81820,103478,173.482666,404.556167
80184,35732,39310,91.25075,212.356917
83779,40486,38303,78.940084,457.723375
163644,73842,97635,162.265584,771.513917
306112,185066,230593,223.07175,141.622875
565589,398970,507811,296.679875,29.792958
91093,30954,32718,132.525417,385.214833
240170,108106,141926,206.810459,498.905792
144030,50372,56922,166.746916,338.67475
190479,90558,104369,202.890542,880.645916
136935,40622,50693,168.963875,298.427667
139803,54514,59182,170.630583,629.804542
204975,100530,131093,171.727917,395.705583
363817,194996,270982,247.931125,696.601959
188084,58032,80132,183.2985,367.351416
119790,63290,79847,104.365667,566.795375
133054,61046,69848,173.644459,520.113
140832,68734,96015,114.166959,301.130291
338749,172724,223511,239.348292,738.50875
184712,50518,74544,184.55725,338.634292
269085,136638,183163,214.714125,532.5415
133636,80934,102469,83.571667,281.404125
144365,87708,116790,100.802042,630.064167
254340,112276,130928,199.47825,161.267667
242176,144932,182443,197.29925,977.411833
164809,72054,84727,173.7195,695.187
36813,12390,11985,68.073875,793.410083
325354,190430,230367,245.047,659.981
174017,75824,100640,183.965334,526.202625
151691,61946,68871,182.1355,663.264541
212125,125996,170731,122.359292,408.048167
229838,134174,139467,167.312583,432.285333
30679,10392,12050,63.455334,169.953
171824,73852,108991,174.626458,882.058833
246228,119774,150782,211.5355,545.524875
123807,68108,90302,100.527667,280.65825
220699,136804,170933,201.135875,817.669917
159471,100394,133388,127.693542,577.344166
266169,132276,179884,194.374709,564.1685
135475,56214,78666,168.707917,264.818666
311457,153804,216385,220.687459,605.004958
116419,44682,64621,143.99625,552.236
17588,6072,6520,60.951917,112.258917
54842,24734,32392,73.565708,942.490541
195140,95460,117543,193.375167,850.600583
411757,271674,338487,280.580875,855.881959
377329,217386,290908,255.725834,731.822833
115193,59346,77682,96.841625,241.58275
122241,48280,55387,159.298458,495.563125
206129,136100,166667,140.107167,431.183833
286858,175712,225201,215.810708,168.547125
349378,240878,286952,239.062417,685.985334
455509,321860,381786,285.840375,890.531
236642,102386,125365,193.390792,56.123875
180580,68736,83097,181.364167,899.58975
323312,167880,252323,254.537875,561.954166
151691,61946,68871,177.919792,666.653917
215191,88934,98310,205.203583,456.423291
565589,398970,507811,298.171875,39.832833
190479,90558,104369,195.604583,827.712041
139140,83132,105446,147.104666,311.934708
177702,72378,90953,183.300208,774.117292
113340,60102,78351,94.145875,506.809834
221853,89038,119291,204.079041,463.124291
358047,242984,294753,233.538458,701.265167
96694,43468,44058,90.351,451.180958
8446,3318,2813,54.725166,77.389083
209528,96792,145805,169.58625,370.026708
96660,48316,56636,94.933791,217.215625
195140,95460,117543,194.175958,895.362625
253058,105686,162526,224.995,504.437708
282623,170334,215450,225.455709,543.379166
649161,510414,608551,329.606542,121.488875
70607,33848,40427,72.006875,967.413291
205825,84262,131485,169.310417,403.267292
223922,139414,177331,177.00175,465.208958
236642,102386,125365,202.733334,52.266708
108014,52732,59279,89.962583,538.250583
117260,59808,83211,92.282375,595.917833
58096,23326,31714,75.725083,280.422
81132,27546,36698,85.317458,180.197834
390077,244350,309703,248.964458,738.329917
252380,143530,173676,206.939583,952.717667
182233,87318,108764,180.923459,364.117542
216089,106332,113610,188.748,890.771958
144030,50372,56922,165.156,327.439833
45930,10584,9859,135.434708,539.114125
88413,42236,53713,81.024791,387.940708
321566,206236,261293,220.738167,615.623625
221768,121886,153149,195.953416,822.549625
72937,34352,29667,69.393,151.648
143868,63624,95044,95.464209,304.750416
102987,47062,55095,101.284209,236.938334
115193,59346,77682,96.778292,240.787791
122241,48280,55387,158.416417,495.708375
90456,32406,33747,163.724833,407.021541
165001,98408,123736,116.182917,358.513167
219875,104938,130958,175.651417,984.595209
118211,58566,78837,101.44975,255.392041
154472,98240,126353,104.036083,619.346875
160624,59740,77313,174.259,706.156375
503737,347034,422800,326.533291,981.250875
122099,60170,84307,84.884625,275.387375
80536,33972,36539,131.011125,608.748791
36813,12390,11985,71.736292,792.358083
194837,83402,121157,186.920417,831.645375
218404,105922,131213,196.636541,895.421917
261786,177406,229200,190.283708,518.469625
319230,167312,229557,233.123166,631.115833
61008,22908,30442,76.132458,297.356166
158343,90680,120215,136.116667,333.297792
373869,247600,308194,251.864541,776.956667
327043,172198,226097,230.378208,616.013125
383826,246362,302931,252.440542,701.337709
166517,59268,88633,174.646,771.879125
167694,65560,90078,178.402417,694.852375
354380,223792,287632,263.091083,672.585375
197970,102210,114831,185.028583,825.33375
187585,127490,155338,173.273125,599.675917
439740,308948,369661,275.11875,885.019375
346508,192330,272787,254.777208,634.908166
81517,27178,49206,85.566042,167.550542
33638,12222,10981,60.992083,180.971958
107117,20334,25383,178.603084,402.034875
95913,39836,60487,89.78425,206.711583
133175,48338,53817,171.946875,632.176542
38108,13464,12708,66.968667,794.615917
101227,47518,60393,95.345208,240.695209
54160,20640,27651,68.781584,290.367375
91362,38426,55393,82.292334,191.271416
94511,42654,52072,91.597292,202.409167
267185,152790,210317,187.099375,61.403042
45930,10584,9859,137.900667,525.087917
392656,252262,310650,257.771458,759.563584
229838,134174,139467,167.589667,436.9355
68163,27194,34008,75.798666,358.758584
87489,40752,47184,77.688791,473.127209
187599,84452,106946,191.79175,812.302875
321566,206236,261293,223.752042,625.1135
57400,24128,31319,73.982792,30.481708
570131,408896,510195,312.584042,80.549292
214688,99022,129703,198.992167,449.629291
262859,112826,150504,227.516667,557.774833
304768,143532,204705,228.756209,616.72525
164912,71640,91081,180.57,348.893625
50471,18952,22329,113.913833,306.436125
384359,207280,294028,253.497834,752.600125
424210,284476,359172,276.314875,837.623417
87460,51998,67016,80.477208,395.594791
134748,78004,101120,102.775334,461.935375
294463,171082,214789,200.917083,594.547167
64927,23784,30160,78.901625,317.682083
206050,89810,109048,195.85725,967.726083
76995,33548,39005,85.229584,378.312167
252701,180640,219490,140.989708,469.805542
203995,135640,168215,121.940125,440.652042
262046,143990,186176,192.358875,530.403916
36813,12390,11985,68.791125,811.345666
216930,83970,126434,197.019917,434.312583
163366,106444,135021,116.962375,384.696958
49376,21196,27632,68.796958,301.335
285501,137780,194582,219.028917,565.772084
163127,112210,134918,104.947,369.741292
88667,34926,55102,93.209959,219.660125
121106,63960,87385,99.9105,580.764333
240160,118126,155069,204.325625,483.944916
149479,87634,112539,116.509083,312.761125
552724,376344,475928,296.35375,29.230208
85531,37878,45337,79.247416,206.183833
82196,36140,38020,132.003875,221.317584
237612,111540,135146,205.534291,130.428209
140512,80564,106234,94.528042,323.536291
418474,264204,340174,267.351167,859.846625
372735,228418,306073,269.639083,706.29725
211713,117092,163439,120.125333,419.2305
352788,187946,263478,254.858333,716.672333
96316,35982,43370,154.729667,456.87
311044,165146,204833,222.121125,625.33125
212933,101292,142221,198.258375,28.768916
120294,52722,66033,153.266333,286.524708
262046,143990,186176,189.785083,530.464125
262229,113492,175682,224.229916,524.328333
85501,36836,46695,85.046333,420.57625
306112,185066,230593,222.618417,158.4485
108349,48092,58117,158.454208,482.166583
579466,467354,538205,323.570833,30.066542
148907,68156,82808,168.162334,644.688792
192865,75932,92169,193.45575,398.180542
4573166,2052828,2994161,275.649125,935.562583
1410565,445206,549465,40.018375,335.3925
4586984,974062,1293922,166.012666,946.932583
4967141,3325524,4010162,298.191625,933.936208
3806029,1009068,1308604,900.935375,488.305125
6315723,4891880,5640892,858.644417,884.690792
1283664,236186,295077,966.739583,159.886292
1634971,561424,1102195,13.953583,554.162083
2130915,179978,462227,111.225458,452.909459
1387955,227736,285167,57.282792,503.79525
4914362,2241210,3025110,644.961584,563.441916
3614101,1603818,2155106,179.793667,26.89275
2331817,799106,1063624,220.20175,980.055333
4163480,1475396,2024083,749.678083,252.077875
11351250,7900950,9776271,737.554208,981.294333
10031725,7243018,8505905,815.822625,609.553292
6780669,1979134,3781206,364.582625,280.789625
5526118,3061310,4021340,604.242792,158.709041
4714909,2519828,3371939,229.935875,705.649
1423106,703122,1022351,905.838416,475.720125
1551065,213064,270952,768.786792,514.462791
2843371,776730,1126703,462.824083,75.278458
4184305,2116136,2964914,993.064083,582.148833
2994961,1890432,2239449,876.557875,418.796708
947438,133274,230041,971.140875,517.48325
5367982,1542848,2205520,715.092458,66.153292
9185681,3274360,4017728,728.285541,731.9715
4001019,1463446,2072369,182.163041,880.277792
8009326,6642144,7616098,215.942209,920.205417
2517073,1191440,1202353,951.265083,256.45025
4967141,3325524,4010162,433.613084,115.539125
6156613,4770978,5567070,861.67275,702.314666
5780170,3289900,4324185,793.405208,511.548875
2376812,473044,773345,451.049667,519.075667
2667895,787648,1164586,997.975333,989.841875
4679921,2312756,3133171,212.77575,362.729625
3975098,2195642,2894213,522.798625,394.329458
1049495,425522,417771,590.195083,428.702459
856792,304262,417966,710.32825,49.356875
5507427,3465692,4361296,482.033708,333.212917
2132683,592718,680690,853.557041,33.261250000000004
5067964,2540118,3313710,28.69125,32.378917
4655925,1400558,2242303,221.974875,507.766959
4656498,1202378,2106462,860.832958,508.501041
7003078,2106744,3975617,565.7995,141.037667
8642257,5490568,6652002,932.984709,482.083542
5872954,3681990,4671910,703.346167,781.400792
1750352,343200,467932,856.183958,75.516166
3158611,1374406,1990753,494.43775,210.834583
6795317,1962052,3020912,100.411875,162.400375
3757911,1203518,2290832,36.359291,275.906833
1697016,1363256,1539885,76.805084,877.251625
2771001,1192854,1641430,503.640042,617.625791
2647671,814978,902648,879.774167,661.297458
6818116,1957242,3777552,471.188666,533.514458
1776117,321826,394292,486.560417,615.619125
6315723,4891880,5640892,881.643542,824.049167
4799389,2228828,3088605,508.857708,53.636709
2376812,473044,773345,425.108084,489.098375
2120669,1000874,1598428,492.876167,330.090584
1315609,428050,573932,229.972583,223.226625
2066546,600658,999982,752.727458,249.413291
3728648,1543610,2411368,644.308042,847.848042
5488611,3299206,4051595,601.883625,736.022083
922485,318974,447075,182.175584,468.372709
2564459,707842,831337,957.310334,901.11975
4914362,2241210,3025110,689.261375,740.961291
813619,243150,253408,320.488459,878.81775
5952901,1811140,2556922,750.719375,521.1292080000001
4786113,1016848,1918656,465.6145,413.872792
1784570,1129020,1401924,29.568042,511.399
4742516,1208494,2166505,827.217541,868.902375
2290637,1092632,1519354,555.608292,991.112209
578147,213936,217545,771.514584,569.071875
2628654,869472,1125735,667.544667,947.215584
3862322,2863868,2876491,858.358792,68.150125
2149689,708390,1145952,116.131708,419.991667
3566821,1528794,1995776,794.029333,611.97775
671976,200628,272722,685.592666,476.503708
1573286,978868,1203291,991.703458,750.36325
1144578,100548,146368,306.576708,893.551125
2975145,1094990,1609125,616.523583,219.382291
3979571,1093298,1591658,971.444125,625.321959
3247951,1542194,1306024,783.458209,471.771583
3917197,1553796,2471571,222.317583,946.44775
2037741,296492,237729,131.035458,122.660375
5488611,3299206,4051595,604.187167,863.24125
2272589,751436,1088841,299.789084,772.494292
5259409,3581966,4286267,116.738375,35.707499999999996
3167790,1646738,2228167,165.00225,946.822334
10863463,6655248,8235387,655.803959,738.557125
6730885,4863520,5562512,582.101542,34.553667000000004
4488389,1423146,2123125,599.867208,924.624208
3699828,1702818,2340242,807.197833,81.510292
5482375,2651016,3937325,495.824209,130.64991600000002
4156307,1348054,1894047,803.523208,515.7792910000001
2421910,1108762,1622182,868.976166,217.120041
4627057,1230288,1599356,941.56025,788.613292
6714962,2027912,3676689,367.853417,311.920625
4440840,1835462,2883769,63.050958,418.196083
2742968,1037478,1562103,594.10175,681.641083
4058522,1256858,1666781,452.238208,394.984125
2224323,736800,1224158,190.530709,534.613917
3033410,2098052,2179093,316.063542,70.575
2647671,814978,902648,849.4665,484.614625
3913426,530676,598647,96.310291,473.363792
3219638,1375744,1972971,21.677541,594.060083
2376812,473044,773345,379.290459,455.231083
5033441,2512206,3470486,251.381375,625.300375
2582131,1324848,1674072,226.537375,137.285375
1387955,227736,285167,94.846541,565.588916
1078799,461368,427680,849.652375,881.649167
1374931,352780,480753,973.033167,200.441167
4415749,1389786,1852541,100.4675,618.600667
5864894,3319772,4535294,775.083667,369.208084
3520790,1447644,2181025,706.172,102.619791
2701029,516220,802094,860.89075,105.187958
10573380,5374358,7262205,91.348208,816.95975
2242313,654386,1081191,22.148125,733.508
2647757,1305150,1816904,68.791917,254.040167
2994961,1890432,2239449,887.689834,382.561041
6154312,4910750,5291509,354.346959,666.032583
3540692,1044858,1859665,408.943042,493.56325
2561716,892706,1456814,957.056334,352.834584
2570320,1636170,2052070,440.373792,372.944459
5392747,3753112,4478800,7.546375,821.669417
2433154,1667868,2065765,300.939292,99.819959
4135269,2111994,2980159,919.765917,518.245292
4001019,1463446,2072369,141.933,756.66925
3560277,1219984,1656094,957.2965,402.68025
6959290,3249332,4672777,548.412375,970.698208
3411435,1466984,2334673,444.967792,898.549875
3201684,1652952,2276147,68.431792,577.640875
805634,356280,410597,745.409625,749.589042
3461518,1587190,2327205,389.416584,161.829417
561833,124042,123742,282.299625,293.170542
2212488,971514,1442242,437.175542,23.914375
3091212,1486834,1907425,310.522292,265.327667
3470004,957416,1359435,196.973042,87.534583
2132683,592718,680690,805.942,977.405334
2701029,516220,802094,836.28525,130.604792
12676060,7765934,9835916,545.94875,118.868583
3642477,836936,1213854,880.458416,322.823583
1650290,318454,435390,707.61,764.84825
4445844,1858158,2588044,357.237375,568.182541
26073362,11458386,15582060,955.911958,585.933
2492946,1302108,1808543,927.986291,746.490375
3835775,877136,1655647,964.497875,635.759
1731381,399954,579195,65.905959,477.036625
837308,268040,292939,575.501708,885.043084
7867302,6001468,6811599,463.380084,761.764167
4252712,2092606,3001620,760.096958,801.521
4005772,1774538,2522186,566.936959,525.362125
1869553,858516,1202718,421.683209,505.556458
8134182,6242432,6972736,439.384208,605.237959
3806029,1009068,1308604,254.005042,677.849625
1757844,1012826,1160133,335.210167,573.467416
2412043,1050922,1283773,106.498875,600.878708
1387955,227736,285167,198.97475,587.66
3381911,1459016,1930106,628.744833,284.304
1883621,745634,1092622,794.541583,975.524166
6473458,2565824,3131739,41.963333,582.155334
4724214,2440738,3351948,828.789875,51.337417
3978838,1940172,2631482,650.542208,525.384208
2701029,516220,802094,623.1665,384.76025
2022953,770156,1062515,161.221333,643.224792
4656498,1202378,2106462,168.675917,316.932125
4682224,1351900,2133635,308.78125,657.984542
1615918,387152,484242,12.34775,750.298291
4305626,2021960,2758930,740.999875,672.137958
4418270,1757184,2442185,506.01975,772.120417
1477938,621116,814533,687.0775,126.514917
1141683,639650,903854,437.259333,131.27125
4041716,1471828,2261002,774.610917,948.7085
10765353,8970696,10188317,47.635667,370.938916
2318747,1021344,1517457,933.552833,235.168375
1766014,330804,553948,954.517875,638.216292
6301883,3049058,4395053,619.2905,895.564292
2092515,1656020,1875592,691.883,522.258083
3537904,1261114,2013791,588.46375,260.934541
10991158,7430218,9044953,526.819959,128.233334
7078143,3303476,4701387,603.040292,897.718166
5468498,2859636,3954103,150.575334,724.909333
11965389,7235356,8844540,842.438667,972.072625
1955718,447292,805139,180.721167,165.023375
3540346,1294050,1774946,743.451375,242.760667
2827842,2679432,1997276,529.092875,532.611625
469449,102394,47257,482.544709,877.314083
2522524,968640,1599756,74.841417,661.387375
1852220,1103716,1429233,363.308292,490.022416
973068,355832,367696,949.3665,191.122834
2843371,776730,1126703,467.964375,904.07725
1421385,138304,298380,540.946416,656.699459
1195388,391754,506058,90.406625,418.265917
1919564,635444,992504,530.218083,229.193125
2271374,361584,553482,218.882667,752.113625
3052250,1376204,1824387,429.78275,42.821584
2791801,853220,1236412,619.552083,745.8495
4172527,1248272,1959725,393.553792,315.804125
284945,70168,62318,691.174875,407.819542
5292035,3510434,4333850,799.9935,425.431417
3659355,1936472,2476554,593.9735,997.12225
6066567,4662642,5268680,335.721125,269.166292
3397404,1565926,2229617,692.413375,532.305583
3598951,1504406,2241028,777.833209,272.027791
7947995,5513932,6257339,517.625,283.375417
3247951,1542194,1306024,799.995958,423.296125
2037741,296492,237729,115.646875,101.605458
1882380,1058856,1277705,677.552709,60.985125
2498120,1378236,1820906,661.955667,918.868709
5334147,2924402,3933862,542.249708,290.044042
4771573,2049874,3035684,347.416167,979.37975
1780008,425908,792028,637.748375,39.506125
2647208,1048278,1536757,364.395208,844.087917
4798550,2711878,3527881,229.944333,580.748708
2603479,1352826,2083495,732.295958,74.063042
3416721,1494952,1995368,748.372833,689.014167
4742516,1208494,2166505,896.377667,798.779
2994961,1890432,2239449,839.87175,321.534875
1731381,399954,579195,832.617459,989.628833
2628654,869472,1125735,3.011291,45.304417
2570320,1636170,2052070,460.628875,319.461417
4885229,1249838,1817807,571.205833,214.713417
3143931,1143006,1764037,759.665625,186.5765
9551683,6925164,7930753,421.115084,906.56
5687679,2211532,3523605,498.134084,925.669292
2333035,838412,1145191,371.292667,775.785667
5508220,1758550,2786205,815.965666,33.390792000000005
1568571,340662,453736,205.2575,86.296083
749590,206318,284835,399.556166,778.039125
955712,411512,548846,442.427542,992.223583
4107149,944340,1453603,383.671583,880.391583
1486043,985222,1054704,870.892875,926.558166
890373,358478,464784,409.921417,905.456375
3939798,2058524,2663701,487.531667,870.27825
2471676,893220,1171797,188.965959,485.178875
4764468,2312206,3402163,954.417042,361.835875
2822571,1658220,2155451,7.635458,53.382292
6449187,4982632,4750342,680.365292,748.198708
3540346,1294050,1774946,612.830917,654.192791
4771573,2049874,3035684,912.67125,669.426916
10175082,7722386,8686101,780.168083,977.082916
9572022,3732742,5944904,296.598417,556.56175
6082272,4669856,5424821,113.96625,855.364833
3100796,1195994,1601860,445.922708,253.109625
2925808,2658522,2050879,114.049792,540.123875
1017647,299450,481771,551.3975,66.016167
154134,56974,68272,235.953,512.961709
3038059,1121844,1535720,496.849709,835.635917
2530295,1248270,1763019,576.884792,558.187417